run_id,config,mode,truth,pred,rel,answered,correct
c1_email_r1,C1,tunnel,on,on,192,True,True
c1_email_r2,C1,tunnel,on,on,192,True,True
c1_email_r3,C1,tunnel,on,on,192,True,True
c1_email_r4,C1,tunnel,on,on,192,True,True
c1_ping_r1,C1,tunnel,on,on,192,True,True
c1_ping_r2,C1,tunnel,on,on,192,True,True
c1_ping_r3,C1,tunnel,on,on,192,True,True
c1_ping_r4,C1,tunnel,on,on,192,True,True
c1_video_r1,C1,tunnel,on,on,192,True,True
c1_video_r2,C1,tunnel,on,on,192,True,True
c1_video_r3,C1,tunnel,on,on,192,True,True
c1_video_r4,C1,tunnel,on,on,192,True,True
c1_voip_r1,C1,tunnel,on,on,192,True,True
c1_voip_r2,C1,tunnel,on,on,192,True,True
c1_voip_r3,C1,tunnel,on,on,192,True,True
c1_voip_r4,C1,tunnel,on,on,192,True,True
c1_web_r1,C1,tunnel,on,on,192,True,True
c1_web_r2,C1,tunnel,on,on,192,True,True
c1_web_r3,C1,tunnel,on,on,192,True,True
c1_web_r4,C1,tunnel,on,on,192,True,True
c2_email_r1,C2,tunnel,off,off,-80,True,True
c2_email_r2,C2,tunnel,off,off,-80,True,True
c2_email_r3,C2,tunnel,off,off,-80,True,True
c2_email_r4,C2,tunnel,off,off,-80,True,True
c2_ping_r1,C2,tunnel,off,off,-80,True,True
c2_ping_r2,C2,tunnel,off,off,-80,True,True
c2_ping_r3,C2,tunnel,off,off,-80,True,True
c2_ping_r4,C2,tunnel,off,off,-80,True,True
c2_video_r1,C2,tunnel,off,off,-80,True,True
c2_video_r2,C2,tunnel,off,off,-80,True,True
c2_video_r3,C2,tunnel,off,off,-80,True,True
c2_video_r4,C2,tunnel,off,off,-80,True,True
c2_voip_r1,C2,tunnel,off,off,-80,True,True
c2_voip_r2,C2,tunnel,off,off,-80,True,True
c2_voip_r3,C2,tunnel,off,off,-80,True,True
c2_voip_r4,C2,tunnel,off,off,-80,True,True
c2_web_r1,C2,tunnel,off,off,-80,True,True
c2_web_r2,C2,tunnel,off,off,-80,True,True
c2_web_r3,C2,tunnel,off,off,-80,True,True
c2_web_r4,C2,tunnel,off,off,-80,True,True
c3_email_r1,C3,tunnel,on,on,208,True,True
c3_email_r2,C3,tunnel,on,on,208,True,True
c3_email_r3,C3,tunnel,on,on,208,True,True
c3_email_r4,C3,tunnel,on,on,208,True,True
c3_ping_r1,C3,tunnel,on,on,208,True,True
c3_ping_r2,C3,tunnel,on,on,208,True,True
c3_ping_r3,C3,tunnel,on,on,208,True,True
c3_ping_r4,C3,tunnel,on,on,208,True,True
c3_video_r1,C3,tunnel,on,on,208,True,True
c3_video_r2,C3,tunnel,on,on,208,True,True
c3_video_r3,C3,tunnel,on,on,208,True,True
c3_video_r4,C3,tunnel,on,on,208,True,True
c3_voip_r1,C3,tunnel,on,on,208,True,True
c3_voip_r2,C3,tunnel,on,on,208,True,True
c3_voip_r3,C3,tunnel,on,on,208,True,True
c3_voip_r4,C3,tunnel,on,on,208,True,True
c3_web_r1,C3,tunnel,on,on,208,True,True
c3_web_r2,C3,tunnel,on,on,208,True,True
c3_web_r3,C3,tunnel,on,on,208,True,True
c3_web_r4,C3,tunnel,on,on,208,True,True
c4_email_r1,C4,tunnel,off,off,-64,True,True
c4_email_r2,C4,tunnel,off,off,-64,True,True
c4_email_r3,C4,tunnel,off,off,-64,True,True
c4_email_r4,C4,tunnel,off,off,-64,True,True
c4_ping_r1,C4,tunnel,off,off,-64,True,True
c4_ping_r2,C4,tunnel,off,off,-64,True,True
c4_ping_r3,C4,tunnel,off,off,-64,True,True
c4_ping_r4,C4,tunnel,off,off,-64,True,True
c4_video_r1,C4,tunnel,off,off,-64,True,True
c4_video_r2,C4,tunnel,off,off,-64,True,True
c4_video_r3,C4,tunnel,off,off,-64,True,True
c4_video_r4,C4,tunnel,off,off,-64,True,True
c4_voip_r1,C4,tunnel,off,off,-64,True,True
c4_voip_r2,C4,tunnel,off,off,-64,True,True
c4_voip_r3,C4,tunnel,off,off,-64,True,True
c4_voip_r4,C4,tunnel,off,off,-64,True,True
c4_web_r1,C4,tunnel,off,off,-64,True,True
c4_web_r2,C4,tunnel,off,off,-64,True,True
c4_web_r3,C4,tunnel,off,off,-64,True,True
c4_web_r4,C4,tunnel,off,off,-64,True,True
c5_email_r1,C5,transport,on,on,208,True,True
c5_email_r2,C5,transport,on,on,208,True,True
c5_email_r3,C5,transport,on,on,208,True,True
c5_email_r4,C5,transport,on,on,208,True,True
c5_ping_r1,C5,transport,on,on,208,True,True
c5_ping_r2,C5,transport,on,on,208,True,True
c5_ping_r3,C5,transport,on,on,208,True,True
c5_ping_r4,C5,transport,on,on,208,True,True
c5_video_r1,C5,transport,on,on,208,True,True
c5_video_r2,C5,transport,on,on,208,True,True
c5_video_r3,C5,transport,on,on,208,True,True
c5_video_r4,C5,transport,on,on,208,True,True
c5_voip_r1,C5,transport,on,on,208,True,True
c5_voip_r2,C5,transport,on,on,208,True,True
c5_voip_r3,C5,transport,on,on,208,True,True
c5_voip_r4,C5,transport,on,on,208,True,True
c5_web_r1,C5,transport,on,on,208,True,True
c5_web_r2,C5,transport,on,on,208,True,True
c5_web_r3,C5,transport,on,on,208,True,True
c5_web_r4,C5,transport,on,on,208,True,True
c6_email_r1,C6,transport,on,on,192,True,True
c6_email_r2,C6,transport,on,on,192,True,True
c6_email_r3,C6,transport,on,on,192,True,True
c6_email_r4,C6,transport,on,on,192,True,True
c6_ping_r1,C6,transport,on,on,192,True,True
c6_ping_r2,C6,transport,on,on,192,True,True
c6_ping_r3,C6,transport,on,on,192,True,True
c6_ping_r4,C6,transport,on,on,192,True,True
c6_video_r1,C6,transport,on,on,192,True,True
c6_video_r2,C6,transport,on,on,192,True,True
c6_video_r3,C6,transport,on,on,192,True,True
c6_video_r4,C6,transport,on,on,192,True,True
c6_voip_r1,C6,transport,on,on,192,True,True
c6_voip_r2,C6,transport,on,on,192,True,True
c6_voip_r3,C6,transport,on,on,192,True,True
c6_voip_r4,C6,transport,on,on,192,True,True
c6_web_r1,C6,transport,on,on,192,True,True
c6_web_r2,C6,transport,on,on,192,True,True
c6_web_r3,C6,transport,on,on,192,True,True
c6_web_r4,C6,transport,on,on,192,True,True
c7_email_r1,C7,transport,off,off,-64,True,True
c7_email_r2,C7,transport,off,off,-64,True,True
c7_email_r3,C7,transport,off,off,-64,True,True
c7_email_r4,C7,transport,off,off,-64,True,True
c7_ping_r1,C7,transport,off,off,-64,True,True
c7_ping_r2,C7,transport,off,off,-64,True,True
c7_ping_r3,C7,transport,off,off,-64,True,True
c7_ping_r4,C7,transport,off,off,-64,True,True
c7_video_r1,C7,transport,off,off,-64,True,True
c7_video_r2,C7,transport,off,off,-64,True,True
c7_video_r3,C7,transport,off,off,-64,True,True
c7_video_r4,C7,transport,off,off,-64,True,True
c7_voip_r1,C7,transport,off,off,-64,True,True
c7_voip_r2,C7,transport,off,off,-64,True,True
c7_voip_r3,C7,transport,off,off,-64,True,True
c7_voip_r4,C7,transport,off,off,-64,True,True
c7_web_r1,C7,transport,off,off,-64,True,True
c7_web_r2,C7,transport,off,off,-64,True,True
c7_web_r3,C7,transport,off,off,-64,True,True
c7_web_r4,C7,transport,off,off,-64,True,True
c8_email_r1,C8,transport,off,off,-80,True,True
c8_email_r2,C8,transport,off,off,-80,True,True
c8_email_r3,C8,transport,off,off,-80,True,True
c8_email_r4,C8,transport,off,off,-80,True,True
c8_ping_r1,C8,transport,off,off,-80,True,True
c8_ping_r2,C8,transport,off,off,-80,True,True
c8_ping_r3,C8,transport,off,off,-80,True,True
c8_ping_r4,C8,transport,off,off,-80,True,True
c8_video_r1,C8,transport,off,off,-80,True,True
c8_video_r2,C8,transport,off,off,-80,True,True
c8_video_r3,C8,transport,off,off,-80,True,True
c8_video_r4,C8,transport,off,off,-80,True,True
c8_voip_r1,C8,transport,off,off,-80,True,True
c8_voip_r2,C8,transport,off,off,-80,True,True
c8_voip_r3,C8,transport,off,off,-80,True,True
c8_voip_r4,C8,transport,off,off,-80,True,True
c8_web_r1,C8,transport,off,off,-80,True,True
c8_web_r2,C8,transport,off,off,-80,True,True
c8_web_r3,C8,transport,off,off,-80,True,True
c8_web_r4,C8,transport,off,off,-80,True,True
