window,n_pkts,pps,r_mean,r_std,r_cv,r_p50,r_p90,r_max,small_share,large_share,distinct_ratio,gap_mean,gap_cv,gap_med,gap_p90,gap_max,n_bursts,burst_mean,burst_max,d1_pkt_share,d1_byte_share,r_mean_d1,r_mean_d2,b_mean,b_std,b_p50,b_p90,b_max,b_mean_d1,b_mean_d2
0,12,2.4,5.0740740740740735,4.1646497175912875,0.820770382299013,3.666666666666667,12.08888888888889,12.555555555555555,0.16666666666666666,0.0,0.4166666666666667,0.3994510824030096,1.004336570313693,0.057283878326416016,0.9630289077758789,1.0421431064605713,9,1.3333333333333333,2,0.5,0.5,5.074074074074074,5.074074074074074,293.3333333333333,299.85477966657277,192.0,798.4000000000001,832.0,293.3333333333333,293.3333333333333
1,10,2.0,11.88888888888889,5.140975552327556,0.43241850440138324,13.88888888888889,17.444444444444443,17.444444444444443,0.0,0.2,0.5,0.42826710806952584,0.9782654156808647,0.08842706680297852,1.0054317474365235,1.082162857055664,9,1.1111111111111112,2,0.5,0.5,11.88888888888889,11.88888888888889,784.0,370.15023976758414,928.0,1184.0,1184.0,784.0,784.0
2,10,2.0,12.066666666666666,2.4278222726662513,0.20120074082869485,11.88888888888889,15.444444444444445,15.444444444444445,0.0,0.0,0.5,0.4937606652577718,1.0510307761161808,0.06427288055419922,1.2294731140136719,1.2777490615844727,9,1.1111111111111112,2,0.5,0.5,12.066666666666666,12.066666666666666,796.8,174.80320363197006,784.0,1040.0,1040.0,796.8,796.8
3,10,2.0,7.5777777777777775,6.104602594723605,0.805592717778775,5.444444444444445,18.555555555555557,18.555555555555557,0.2,0.2,0.5,0.454812659157647,1.0933058689653463,0.070159912109375,1.2381229400634766,1.326310157775879,8,1.25,2,0.5,0.5,7.5777777777777775,7.5777777777777775,473.6,439.53138682009956,320.0,1264.0,1264.0,473.6,473.6
4,8,1.6,10.11111111111111,5.676462121975468,0.5614083417338375,10.555555555555557,17.666666666666668,17.666666666666668,0.0,0.25,0.5,0.4596318517412458,1.0431843466179889,0.06454992294311523,1.03585844039917,1.2113468647003174,6,1.3333333333333333,2,0.5,0.5,10.111111111111112,10.111111111111112,656.0,408.70527278223364,688.0,1200.0,1200.0,656.0,656.0
5,10,2.0,13.8,2.341678199523465,0.16968682605242497,13.666666666666666,17.22222222222222,17.22222222222222,0.0,0.2,0.5,0.4130694336361355,1.0434614071751889,0.06080198287963867,1.0151039600372316,1.203171968460083,9,1.1111111111111112,2,0.5,0.5,13.8,13.8,921.6,168.6008303656895,912.0,1168.0,1168.0,921.6,921.6
6,10,2.0,7.488888888888889,6.08483238759994,0.8125147105103777,7.0,18.555555555555557,18.555555555555557,0.2,0.2,0.5,0.5028460025787354,1.0407926058016201,0.05919909477233887,1.2062588691711427,1.3165221214294434,8,1.25,2,0.5,0.5,7.488888888888889,7.488888888888889,467.2,438.1079319071957,432.0,1264.0,1264.0,467.2,467.2
7,8,1.6,11.722222222222221,3.148093681446042,0.2685577548153022,12.222222222222221,15.444444444444445,15.444444444444445,0.0,0.0,0.5,0.5689084189278739,1.0675510050558132,0.0586237907409668,1.3509686470031739,1.4243600368499756,6,1.3333333333333333,2,0.5,0.5,11.722222222222221,11.722222222222221,772.0,226.66274506411503,808.0,1040.0,1040.0,772.0,772.0
8,10,2.0,11.4,4.95988848938769,0.43507793766558683,11.222222222222221,18.555555555555557,18.555555555555557,0.0,0.2,0.5,0.47072789404127335,1.0048365982253815,0.06909298896789551,1.027645492553711,1.2154550552368164,8,1.25,2,0.5,0.5,11.4,11.4,748.8,357.11197123591364,736.0,1264.0,1264.0,748.8,748.8
9,8,1.6,7.5,1.9961382470246314,0.26615176626995085,7.666666666666666,10.11111111111111,10.11111111111111,0.0,0.0,0.5,0.5585126876831055,1.1272683329339988,0.05530285835266113,1.300629043579102,1.7227020263671875,6,1.3333333333333333,2,0.5,0.5,7.5,7.5,468.0,143.72195378577345,480.0,656.0,656.0,468.0,468.0
10,8,1.6,6.666666666666666,2.9710537682490976,0.4456580652373647,7.0,10.11111111111111,10.11111111111111,0.0,0.0,0.5,0.4510144165584019,1.0814536001801585,0.06008505821228027,1.0404905319213869,1.326380968093872,7,1.1428571428571428,2,0.5,0.5,6.666666666666667,6.666666666666667,408.0,213.915871313935,432.0,656.0,656.0,408.0,408.0
11,8,1.6,8.722222222222221,3.4725555395570913,0.39812738670081305,7.555555555555555,14.11111111111111,14.11111111111111,0.0,0.0,0.375,0.6284684113093785,1.0934422838774855,0.0563511848449707,1.482578802108765,1.7487537860870361,7,1.1428571428571428,2,0.5,0.5,8.722222222222221,8.722222222222221,556.0,250.02399884811058,472.0,944.0,944.0,556.0,556.0
12,8,1.6,9.38888888888889,3.8341384017730262,0.4083697706030442,8.666666666666668,15.0,15.0,0.0,0.0,0.5,0.48909415517534527,1.0318224177229167,0.06320619583129883,1.10751371383667,1.18772292137146,7,1.1428571428571428,2,0.5,0.5,9.38888888888889,9.38888888888889,604.0,276.0579649276579,552.0,1008.0,1008.0,604.0,604.0
13,10,2.0,6.022222222222221,4.139779919002674,0.6874173297236913,5.888888888888889,11.0,11.0,0.2,0.0,0.5,0.45528144306606716,1.0487843196859024,0.05664396286010742,1.1155012130737305,1.2757301330566406,9,1.1111111111111112,2,0.5,0.5,6.022222222222222,6.022222222222222,361.6,298.0641541681925,352.0,720.0,720.0,361.6,361.6
14,10,2.0,7.9333333333333345,3.873047098494994,0.4881992140960076,9.666666666666666,12.11111111111111,12.11111111111111,0.0,0.0,0.5,0.4685693316989475,1.0275398302898342,0.05896902084350586,1.0536171436309816,1.268097162246704,9,1.1111111111111112,2,0.5,0.5,7.933333333333333,7.933333333333333,499.2,278.8593910916396,624.0,800.0,800.0,499.2,499.2
15,10,2.0,11.88888888888889,5.52793132115062,0.4649661858911736,10.333333333333334,18.555555555555557,18.555555555555557,0.0,0.4,0.5,0.4198291301727295,1.0041537493798565,0.06000399589538574,0.9911203861236573,1.0435259342193604,8,1.25,2,0.5,0.5,11.88888888888889,11.88888888888889,784.0,398.01105512284454,672.0,1264.0,1264.0,784.0,784.0
16,10,2.0,14.688888888888888,2.8305214805494505,0.19269813407674022,14.777777777777779,18.77777777777778,18.77777777777778,0.0,0.2,0.4,0.4619554413689507,1.0569613554346415,0.06899499893188477,1.1567066669464112,1.2058489322662354,7,1.4285714285714286,2,0.5,0.5,14.688888888888888,14.688888888888888,985.6,203.79754659956043,992.0,1280.0,1280.0,985.6,985.6
17,10,2.0,13.888888888888886,5.57773351022717,0.40159681273635633,17.22222222222222,18.77777777777778,18.77777777777778,0.0,0.6,0.5,0.4936770068274604,1.0565929816217856,0.07448792457580566,1.285039758682251,1.346203088760376,9,1.1111111111111112,2,0.5,0.5,13.88888888888889,13.88888888888889,928.0,401.59681273635624,1168.0,1280.0,1280.0,928.0,928.0
18,10,2.0,8.2,6.2706055391134665,0.764707992574813,5.444444444444445,16.333333333333332,16.333333333333332,0.2,0.0,0.5,0.47603800561692977,1.031815036544583,0.07864499092102051,1.1502142429351807,1.2728159427642822,9,1.1111111111111112,2,0.5,0.5,8.2,8.2,518.4,451.48359881616966,320.0,1104.0,1104.0,518.4,518.4
19,9,1.8,7.222222222222222,6.166416411338492,0.8538115031084066,5.0,18.11111111111111,18.11111111111111,0.0,0.2222222222222222,0.5555555555555556,0.46997374296188354,0.9355022440735585,0.3214409351348877,1.0084098339080811,1.0763399600982666,7,1.2857142857142858,2,0.5555555555555556,0.5111111111111111,6.644444444444444,7.944444444444445,448.0,443.98198161637146,288.0,1232.0,1232.0,406.4,500.0
20,9,1.8,5.148148148148148,2.081995455193362,0.4044163833828833,4.555555555555555,8.555555555555555,8.555555555555555,0.0,0.0,0.5555555555555556,0.5240955054759979,0.9344916047207384,0.43455445766448975,1.106753134727478,1.2604711055755615,7,1.2857142857142858,2,0.4444444444444444,0.4844124700239808,5.611111111111111,4.777777777777777,298.6666666666667,149.9036727739221,256.0,544.0,544.0,332.0,272.0
21,10,2.0,12.422222222222222,5.480560483187513,0.4411900210079393,14.333333333333334,17.666666666666668,17.666666666666668,0.0,0.2,0.5,0.5176508956485324,1.0741728515507036,0.0557708740234375,1.2054987907409669,1.5315699577331543,7,1.4285714285714286,2,0.5,0.5,12.422222222222222,12.422222222222222,822.4,394.6003547895009,960.0,1200.0,1200.0,822.4,822.4
22,10,2.0,6.688888888888888,2.5282600272582916,0.37797907384260176,6.111111111111111,9.666666666666666,9.666666666666666,0.0,0.0,0.4,0.39659423298305935,1.0195664674817162,0.05899190902709961,0.8808558464050293,1.11399507522583,8,1.25,2,0.5,0.5,6.688888888888888,6.688888888888888,409.6,182.03472196259702,368.0,624.0,624.0,409.6,409.6
23,10,2.0,6.688888888888888,5.580565925547579,0.8343038759124288,4.555555555555555,17.22222222222222,17.22222222222222,0.0,0.2,0.5,0.4254464308420817,1.022338329287182,0.07304906845092773,1.0195162296295166,1.1924049854278564,9,1.1111111111111112,2,0.5,0.5,6.688888888888888,6.688888888888888,409.6,401.80074663942577,256.0,1168.0,1168.0,409.6,409.6
