run_id,config,traffic,repeat,mode,cipher,split
c1_email_r1,C1,email,1,tunnel,aes128-cbc,train
c1_email_r2,C1,email,2,tunnel,aes128-cbc,train
c1_email_r3,C1,email,3,tunnel,aes128-cbc,val
c1_email_r4,C1,email,4,tunnel,aes128-cbc,test
c1_ping_r1,C1,ping,1,tunnel,aes128-cbc,train
c1_ping_r2,C1,ping,2,tunnel,aes128-cbc,train
c1_ping_r3,C1,ping,3,tunnel,aes128-cbc,val
c1_ping_r4,C1,ping,4,tunnel,aes128-cbc,test
c1_video_r1,C1,video,1,tunnel,aes128-cbc,train
c1_video_r2,C1,video,2,tunnel,aes128-cbc,train
c1_video_r3,C1,video,3,tunnel,aes128-cbc,val
c1_video_r4,C1,video,4,tunnel,aes128-cbc,test
c1_voip_r1,C1,voip,1,tunnel,aes128-cbc,train
c1_voip_r2,C1,voip,2,tunnel,aes128-cbc,train
c1_voip_r3,C1,voip,3,tunnel,aes128-cbc,val
c1_voip_r4,C1,voip,4,tunnel,aes128-cbc,test
c1_web_r1,C1,web,1,tunnel,aes128-cbc,train
c1_web_r2,C1,web,2,tunnel,aes128-cbc,train
c1_web_r3,C1,web,3,tunnel,aes128-cbc,val
c1_web_r4,C1,web,4,tunnel,aes128-cbc,test
c2_email_r1,C2,email,1,tunnel,aes256-cbc,train
c2_email_r2,C2,email,2,tunnel,aes256-cbc,train
c2_email_r3,C2,email,3,tunnel,aes256-cbc,val
c2_email_r4,C2,email,4,tunnel,aes256-cbc,test
c2_ping_r1,C2,ping,1,tunnel,aes256-cbc,train
c2_ping_r2,C2,ping,2,tunnel,aes256-cbc,train
c2_ping_r3,C2,ping,3,tunnel,aes256-cbc,val
c2_ping_r4,C2,ping,4,tunnel,aes256-cbc,test
c2_video_r1,C2,video,1,tunnel,aes256-cbc,train
c2_video_r2,C2,video,2,tunnel,aes256-cbc,train
c2_video_r3,C2,video,3,tunnel,aes256-cbc,val
c2_video_r4,C2,video,4,tunnel,aes256-cbc,test
c2_voip_r1,C2,voip,1,tunnel,aes256-cbc,train
c2_voip_r2,C2,voip,2,tunnel,aes256-cbc,train
c2_voip_r3,C2,voip,3,tunnel,aes256-cbc,val
c2_voip_r4,C2,voip,4,tunnel,aes256-cbc,test
c2_web_r1,C2,web,1,tunnel,aes256-cbc,train
c2_web_r2,C2,web,2,tunnel,aes256-cbc,train
c2_web_r3,C2,web,3,tunnel,aes256-cbc,val
c2_web_r4,C2,web,4,tunnel,aes256-cbc,test
c3_email_r1,C3,email,1,tunnel,aes256-gcm,train
c3_email_r2,C3,email,2,tunnel,aes256-gcm,train
c3_email_r3,C3,email,3,tunnel,aes256-gcm,val
c3_email_r4,C3,email,4,tunnel,aes256-gcm,test
c3_ping_r1,C3,ping,1,tunnel,aes256-gcm,train
c3_ping_r2,C3,ping,2,tunnel,aes256-gcm,train
c3_ping_r3,C3,ping,3,tunnel,aes256-gcm,val
c3_ping_r4,C3,ping,4,tunnel,aes256-gcm,test
c3_video_r1,C3,video,1,tunnel,aes256-gcm,train
c3_video_r2,C3,video,2,tunnel,aes256-gcm,train
c3_video_r3,C3,video,3,tunnel,aes256-gcm,val
c3_video_r4,C3,video,4,tunnel,aes256-gcm,test
c3_voip_r1,C3,voip,1,tunnel,aes256-gcm,train
c3_voip_r2,C3,voip,2,tunnel,aes256-gcm,train
c3_voip_r3,C3,voip,3,tunnel,aes256-gcm,val
c3_voip_r4,C3,voip,4,tunnel,aes256-gcm,test
c3_web_r1,C3,web,1,tunnel,aes256-gcm,train
c3_web_r2,C3,web,2,tunnel,aes256-gcm,train
c3_web_r3,C3,web,3,tunnel,aes256-gcm,val
c3_web_r4,C3,web,4,tunnel,aes256-gcm,test
c4_email_r1,C4,email,1,tunnel,aes128-gcm,train
c4_email_r2,C4,email,2,tunnel,aes128-gcm,train
c4_email_r3,C4,email,3,tunnel,aes128-gcm,val
c4_email_r4,C4,email,4,tunnel,aes128-gcm,test
c4_ping_r1,C4,ping,1,tunnel,aes128-gcm,train
c4_ping_r2,C4,ping,2,tunnel,aes128-gcm,train
c4_ping_r3,C4,ping,3,tunnel,aes128-gcm,val
c4_ping_r4,C4,ping,4,tunnel,aes128-gcm,test
c4_video_r1,C4,video,1,tunnel,aes128-gcm,train
c4_video_r2,C4,video,2,tunnel,aes128-gcm,train
c4_video_r3,C4,video,3,tunnel,aes128-gcm,val
c4_video_r4,C4,video,4,tunnel,aes128-gcm,test
c4_voip_r1,C4,voip,1,tunnel,aes128-gcm,train
c4_voip_r2,C4,voip,2,tunnel,aes128-gcm,train
c4_voip_r3,C4,voip,3,tunnel,aes128-gcm,val
c4_voip_r4,C4,voip,4,tunnel,aes128-gcm,test
c4_web_r1,C4,web,1,tunnel,aes128-gcm,train
c4_web_r2,C4,web,2,tunnel,aes128-gcm,train
c4_web_r3,C4,web,3,tunnel,aes128-gcm,val
c4_web_r4,C4,web,4,tunnel,aes128-gcm,test
c5_email_r1,C5,email,1,transport,aes128-cbc,train
c5_email_r2,C5,email,2,transport,aes128-cbc,train
c5_email_r3,C5,email,3,transport,aes128-cbc,val
c5_email_r4,C5,email,4,transport,aes128-cbc,test
c5_ping_r1,C5,ping,1,transport,aes128-cbc,train
c5_ping_r2,C5,ping,2,transport,aes128-cbc,train
c5_ping_r3,C5,ping,3,transport,aes128-cbc,val
c5_ping_r4,C5,ping,4,transport,aes128-cbc,test
c5_video_r1,C5,video,1,transport,aes128-cbc,train
c5_video_r2,C5,video,2,transport,aes128-cbc,train
c5_video_r3,C5,video,3,transport,aes128-cbc,val
c5_video_r4,C5,video,4,transport,aes128-cbc,test
c5_voip_r1,C5,voip,1,transport,aes128-cbc,train
c5_voip_r2,C5,voip,2,transport,aes128-cbc,train
c5_voip_r3,C5,voip,3,transport,aes128-cbc,val
c5_voip_r4,C5,voip,4,transport,aes128-cbc,test
c5_web_r1,C5,web,1,transport,aes128-cbc,train
c5_web_r2,C5,web,2,transport,aes128-cbc,train
c5_web_r3,C5,web,3,transport,aes128-cbc,val
c5_web_r4,C5,web,4,transport,aes128-cbc,test
c6_email_r1,C6,email,1,transport,aes256-gcm,train
c6_email_r2,C6,email,2,transport,aes256-gcm,train
c6_email_r3,C6,email,3,transport,aes256-gcm,val
c6_email_r4,C6,email,4,transport,aes256-gcm,test
c6_ping_r1,C6,ping,1,transport,aes256-gcm,train
c6_ping_r2,C6,ping,2,transport,aes256-gcm,train
c6_ping_r3,C6,ping,3,transport,aes256-gcm,val
c6_ping_r4,C6,ping,4,transport,aes256-gcm,test
c6_video_r1,C6,video,1,transport,aes256-gcm,train
c6_video_r2,C6,video,2,transport,aes256-gcm,train
c6_video_r3,C6,video,3,transport,aes256-gcm,val
c6_video_r4,C6,video,4,transport,aes256-gcm,test
c6_voip_r1,C6,voip,1,transport,aes256-gcm,train
c6_voip_r2,C6,voip,2,transport,aes256-gcm,train
c6_voip_r3,C6,voip,3,transport,aes256-gcm,val
c6_voip_r4,C6,voip,4,transport,aes256-gcm,test
c6_web_r1,C6,web,1,transport,aes256-gcm,train
c6_web_r2,C6,web,2,transport,aes256-gcm,train
c6_web_r3,C6,web,3,transport,aes256-gcm,val
c6_web_r4,C6,web,4,transport,aes256-gcm,test
c7_email_r1,C7,email,1,transport,aes256-cbc,train
c7_email_r2,C7,email,2,transport,aes256-cbc,train
c7_email_r3,C7,email,3,transport,aes256-cbc,val
c7_email_r4,C7,email,4,transport,aes256-cbc,test
c7_ping_r1,C7,ping,1,transport,aes256-cbc,train
c7_ping_r2,C7,ping,2,transport,aes256-cbc,train
c7_ping_r3,C7,ping,3,transport,aes256-cbc,val
c7_ping_r4,C7,ping,4,transport,aes256-cbc,test
c7_video_r1,C7,video,1,transport,aes256-cbc,train
c7_video_r2,C7,video,2,transport,aes256-cbc,train
c7_video_r3,C7,video,3,transport,aes256-cbc,val
c7_video_r4,C7,video,4,transport,aes256-cbc,test
c7_voip_r1,C7,voip,1,transport,aes256-cbc,train
c7_voip_r2,C7,voip,2,transport,aes256-cbc,train
c7_voip_r3,C7,voip,3,transport,aes256-cbc,val
c7_voip_r4,C7,voip,4,transport,aes256-cbc,test
c7_web_r1,C7,web,1,transport,aes256-cbc,train
c7_web_r2,C7,web,2,transport,aes256-cbc,train
c7_web_r3,C7,web,3,transport,aes256-cbc,val
c7_web_r4,C7,web,4,transport,aes256-cbc,test
c8_email_r1,C8,email,1,transport,aes128-gcm,train
c8_email_r2,C8,email,2,transport,aes128-gcm,train
c8_email_r3,C8,email,3,transport,aes128-gcm,val
c8_email_r4,C8,email,4,transport,aes128-gcm,test
c8_ping_r1,C8,ping,1,transport,aes128-gcm,train
c8_ping_r2,C8,ping,2,transport,aes128-gcm,train
c8_ping_r3,C8,ping,3,transport,aes128-gcm,val
c8_ping_r4,C8,ping,4,transport,aes128-gcm,test
c8_video_r1,C8,video,1,transport,aes128-gcm,train
c8_video_r2,C8,video,2,transport,aes128-gcm,train
c8_video_r3,C8,video,3,transport,aes128-gcm,val
c8_video_r4,C8,video,4,transport,aes128-gcm,test
c8_voip_r1,C8,voip,1,transport,aes128-gcm,train
c8_voip_r2,C8,voip,2,transport,aes128-gcm,train
c8_voip_r3,C8,voip,3,transport,aes128-gcm,val
c8_voip_r4,C8,voip,4,transport,aes128-gcm,test
c8_web_r1,C8,web,1,transport,aes128-gcm,train
c8_web_r2,C8,web,2,transport,aes128-gcm,train
c8_web_r3,C8,web,3,transport,aes128-gcm,val
c8_web_r4,C8,web,4,transport,aes128-gcm,test
