config,traffic,repeat,anchor,minL
C1,email,1,104,104
C1,email,2,104,88
C1,ping,1,104,88
C1,ping,2,104,104
C1,video,1,104,104
C1,video,2,104,88
C1,voip,1,200,136
C1,voip,2,152,136
C1,web,1,104,104
C1,web,2,104,88
C2,email,1,104,104
C2,email,2,104,88
C2,ping,1,104,88
C2,ping,2,104,104
C2,video,1,104,104
C2,video,2,104,88
C2,voip,1,200,136
C2,voip,2,152,136
C2,web,1,104,104
C2,web,2,104,88
C3,email,1,88,88
C3,email,2,88,76
C3,ping,1,120,76
C3,ping,2,192,92
C3,video,1,88,88
C3,video,2,88,76
C3,voip,1,184,120
C3,voip,2,144,120
C3,web,1,88,88
C3,web,2,88,76
C4,email,1,88,88
C4,ping,1,120,76
C4,ping,2,192,92
C4,video,1,88,88
C4,video,2,88,76
C4,voip,1,184,120
C4,voip,2,144,120
C4,web,1,88,88
C4,web,2,88,76
C5,email,1,88,88
C5,ping,1,120,72
C5,video,1,88,72
C5,voip,1,184,120
C5,web,1,88,72
C6,email,1,68,68
C6,ping,1,100,56
C6,video,1,68,56
C6,voip,1,164,100
C6,web,1,68,56
C7,email,1,88,88
C7,ping,1,120,72
C7,video,1,88,72
C7,voip,1,184,120
C7,web,1,88,72
C8,email,1,68,68
C8,ping,1,372,56
C8,video,1,68,56
C8,voip,1,164,100
C8,web,1,68,56
