config,mode,cipher,traffic,repeat,minL,p05,distinct
C1,tunnel,aes128-cbc,email,1,104,104,51
C1,tunnel,aes128-cbc,email,2,88,104,43
C1,tunnel,aes128-cbc,ping,1,88,136,59
C1,tunnel,aes128-cbc,ping,2,104,136,58
C1,tunnel,aes128-cbc,video,1,104,104,34
C1,tunnel,aes128-cbc,video,2,88,104,31
C1,tunnel,aes128-cbc,voip,1,136,200,2
C1,tunnel,aes128-cbc,voip,2,136,152,3
C1,tunnel,aes128-cbc,web,1,104,104,19
C1,tunnel,aes128-cbc,web,2,88,120,14
C2,tunnel,aes256-cbc,email,1,104,104,51
C2,tunnel,aes256-cbc,email,2,88,104,43
C2,tunnel,aes256-cbc,ping,1,88,136,61
C2,tunnel,aes256-cbc,ping,2,104,136,57
C2,tunnel,aes256-cbc,video,1,104,104,37
C2,tunnel,aes256-cbc,video,2,88,104,31
C2,tunnel,aes256-cbc,voip,1,136,200,2
C2,tunnel,aes256-cbc,voip,2,136,152,3
C2,tunnel,aes256-cbc,web,1,104,104,16
C2,tunnel,aes256-cbc,web,2,88,104,14
C3,tunnel,aes256-gcm,email,1,88,88,67
C3,tunnel,aes256-gcm,ping,1,76,120,83
C3,tunnel,aes256-gcm,ping,2,92,120,91
C3,tunnel,aes256-gcm,video,1,88,88,40
C3,tunnel,aes256-gcm,video,2,76,96,37
C3,tunnel,aes256-gcm,voip,1,120,184,2
C3,tunnel,aes256-gcm,voip,2,120,144,3
C3,tunnel,aes256-gcm,web,1,88,88,18
C3,tunnel,aes256-gcm,web,2,76,100,18
C4,tunnel,aes128-gcm,email,1,88,88,67
C4,tunnel,aes128-gcm,ping,1,76,120,84
C4,tunnel,aes128-gcm,video,1,88,88,36
C4,tunnel,aes128-gcm,voip,1,120,184,2
C4,tunnel,aes128-gcm,web,1,88,88,22
C5,transport,aes128-cbc,email,1,88,88,48
C5,transport,aes128-cbc,ping,1,72,120,56
C5,transport,aes128-cbc,video,1,72,88,47
C5,transport,aes128-cbc,voip,1,120,184,2
C5,transport,aes128-cbc,web,1,72,88,31
C6,transport,aes256-gcm,email,1,68,68,67
C6,transport,aes256-gcm,ping,1,56,100,79
C6,transport,aes256-gcm,video,1,56,68,59
C6,transport,aes256-gcm,voip,1,100,164,2
C6,transport,aes256-gcm,web,1,56,68,36
C7,transport,aes256-cbc,email,1,88,88,48
C7,transport,aes256-cbc,ping,1,72,120,57
C7,transport,aes256-cbc,video,1,72,88,41
C7,transport,aes256-cbc,voip,1,120,184,2
C7,transport,aes256-cbc,web,1,72,88,22
C8,transport,aes128-gcm,email,1,68,68,68
C8,transport,aes128-gcm,ping,1,56,112,103
C8,transport,aes128-gcm,video,1,56,68,53
C8,transport,aes128-gcm,voip,1,100,164,2
C8,transport,aes128-gcm,web,1,56,68,37
