run_id,config,mode,cipher,traffic,repeat,n_pkts,distinct,anchor,non16_share,all_mod4
c1_email_r1,C1,tunnel,aes128-cbc,email,1,11997,51,104,0.0,True
c1_email_r2,C1,tunnel,aes128-cbc,email,2,21781,43,104,0.0,True
c1_email_r3,C1,tunnel,aes128-cbc,email,3,15237,27,104,0.0,True
c1_email_r4,C1,tunnel,aes128-cbc,email,4,22300,38,104,0.0,True
c1_ping_r1,C1,tunnel,aes128-cbc,ping,1,210,59,104,0.0,True
c1_ping_r2,C1,tunnel,aes128-cbc,ping,2,198,58,104,0.0,True
c1_ping_r3,C1,tunnel,aes128-cbc,ping,3,192,51,88,0.0,True
c1_ping_r4,C1,tunnel,aes128-cbc,ping,4,240,63,136,0.0,True
c1_video_r1,C1,tunnel,aes128-cbc,video,1,35846,34,104,0.0,True
c1_video_r2,C1,tunnel,aes128-cbc,video,2,14163,31,104,0.0,True
c1_video_r3,C1,tunnel,aes128-cbc,video,3,25305,27,104,0.0,True
c1_video_r4,C1,tunnel,aes128-cbc,video,4,35050,29,104,0.0,True
c1_voip_r1,C1,tunnel,aes128-cbc,voip,1,12004,2,200,0.0,True
c1_voip_r2,C1,tunnel,aes128-cbc,voip,2,12006,3,152,0.0,True
c1_voip_r3,C1,tunnel,aes128-cbc,voip,3,11813,3,200,0.0,True
c1_voip_r4,C1,tunnel,aes128-cbc,voip,4,11929,3,200,0.0,True
c1_web_r1,C1,tunnel,aes128-cbc,web,1,27200,19,104,0.0,True
c1_web_r2,C1,tunnel,aes128-cbc,web,2,31824,14,104,0.0,True
c1_web_r3,C1,tunnel,aes128-cbc,web,3,20223,14,104,0.0,True
c1_web_r4,C1,tunnel,aes128-cbc,web,4,29533,14,104,0.0,True
c2_email_r1,C2,tunnel,aes256-cbc,email,1,12075,51,104,0.0,True
c2_email_r2,C2,tunnel,aes256-cbc,email,2,21507,43,104,0.0,True
c2_email_r3,C2,tunnel,aes256-cbc,email,3,15131,24,104,0.0,True
c2_email_r4,C2,tunnel,aes256-cbc,email,4,22280,39,104,0.0,True
c2_ping_r1,C2,tunnel,aes256-cbc,ping,1,222,61,104,0.0,True
c2_ping_r2,C2,tunnel,aes256-cbc,ping,2,196,57,104,0.0,True
c2_ping_r3,C2,tunnel,aes256-cbc,ping,3,206,54,88,0.0,True
c2_ping_r4,C2,tunnel,aes256-cbc,ping,4,223,60,136,0.0,True
c2_video_r1,C2,tunnel,aes256-cbc,video,1,40144,37,104,0.0,True
c2_video_r2,C2,tunnel,aes256-cbc,video,2,16943,31,104,0.0,True
c2_video_r3,C2,tunnel,aes256-cbc,video,3,26380,28,104,0.0,True
c2_video_r4,C2,tunnel,aes256-cbc,video,4,34537,29,104,0.0,True
c2_voip_r1,C2,tunnel,aes256-cbc,voip,1,12004,2,200,0.0,True
c2_voip_r2,C2,tunnel,aes256-cbc,voip,2,12005,3,152,0.0,True
c2_voip_r3,C2,tunnel,aes256-cbc,voip,3,11842,3,200,0.0,True
c2_voip_r4,C2,tunnel,aes256-cbc,voip,4,11918,2,200,0.0,True
c2_web_r1,C2,tunnel,aes256-cbc,web,1,44767,16,104,0.0,True
c2_web_r2,C2,tunnel,aes256-cbc,web,2,34641,14,104,0.0,True
c2_web_r3,C2,tunnel,aes256-cbc,web,3,23901,14,104,0.0,True
c2_web_r4,C2,tunnel,aes256-cbc,web,4,25804,14,104,0.0,True
c3_email_r1,C3,tunnel,aes256-gcm,email,1,11854,67,88,0.08764973848489961,True
c3_email_r2,C3,tunnel,aes256-gcm,email,2,21529,60,88,0.40554600771053,True
c3_email_r3,C3,tunnel,aes256-gcm,email,3,15285,39,88,0.37409224730127577,True
c3_email_r4,C3,tunnel,aes256-gcm,email,4,22296,53,88,0.44043774668101904,True
c3_ping_r1,C3,tunnel,aes256-gcm,ping,1,196,83,120,0.6632653061224489,True
c3_ping_r2,C3,tunnel,aes256-gcm,ping,2,218,91,192,0.7155963302752294,True
c3_ping_r3,C3,tunnel,aes256-gcm,ping,3,217,91,72,0.7419354838709677,True
c3_ping_r4,C3,tunnel,aes256-gcm,ping,4,206,87,316,0.7572815533980582,True
c3_video_r1,C3,tunnel,aes256-gcm,video,1,41566,40,88,0.01012847038444883,True
c3_video_r2,C3,tunnel,aes256-gcm,video,2,16943,37,88,0.4047689311219973,True
c3_video_r3,C3,tunnel,aes256-gcm,video,3,26310,34,88,0.3928164196123147,True
c3_video_r4,C3,tunnel,aes256-gcm,video,4,35127,35,88,0.432772511173741,True
c3_voip_r1,C3,tunnel,aes256-gcm,voip,1,12004,2,184,0.0,True
c3_voip_r2,C3,tunnel,aes256-gcm,voip,2,12005,3,144,0.9996668054977093,True
c3_voip_r3,C3,tunnel,aes256-gcm,voip,3,11839,3,184,0.00033786637384914265,True
c3_voip_r4,C3,tunnel,aes256-gcm,voip,4,11919,3,184,0.00016779931202282072,True
c3_web_r1,C3,tunnel,aes256-gcm,web,1,46153,18,88,0.01317357484887223,True
c3_web_r2,C3,tunnel,aes256-gcm,web,2,39877,18,88,0.41678160343054893,True
c3_web_r3,C3,tunnel,aes256-gcm,web,3,23054,18,88,0.3953760735664093,True
c3_web_r4,C3,tunnel,aes256-gcm,web,4,26428,18,88,0.4320417738761919,True
c4_email_r1,C4,tunnel,aes128-gcm,email,1,12265,67,88,0.08055442315532002,True
c4_email_r2,C4,tunnel,aes128-gcm,email,2,22831,61,88,0.4051508913319609,True
c4_email_r3,C4,tunnel,aes128-gcm,email,3,15468,39,88,0.3679208688906129,True
c4_email_r4,C4,tunnel,aes128-gcm,email,4,22174,53,88,0.4335257508794083,True
c4_ping_r1,C4,tunnel,aes128-gcm,ping,1,200,84,120,0.67,True
c4_ping_r2,C4,tunnel,aes128-gcm,ping,2,262,107,192,0.732824427480916,True
c4_ping_r3,C4,tunnel,aes128-gcm,ping,3,231,96,72,0.7619047619047619,True
c4_ping_r4,C4,tunnel,aes128-gcm,ping,4,202,86,316,0.7524752475247525,True
c4_video_r1,C4,tunnel,aes128-gcm,video,1,47429,36,88,0.0067680111324295265,True
c4_video_r2,C4,tunnel,aes128-gcm,video,2,15446,37,88,0.4026285122361776,True
c4_video_r3,C4,tunnel,aes128-gcm,video,3,26463,34,88,0.3932660696066206,True
c4_video_r4,C4,tunnel,aes128-gcm,video,4,35803,35,88,0.44691785604558276,True
c4_voip_r1,C4,tunnel,aes128-gcm,voip,1,12004,2,184,0.0,True
c4_voip_r2,C4,tunnel,aes128-gcm,voip,2,12006,3,144,0.9996668332500417,True
c4_voip_r3,C4,tunnel,aes128-gcm,voip,3,11819,3,184,0.00033843810813097557,True
c4_voip_r4,C4,tunnel,aes128-gcm,voip,4,11930,3,184,0.00016764459346186087,True
c4_web_r1,C4,tunnel,aes128-gcm,web,1,31950,22,88,0.020062597809076682,True
c4_web_r2,C4,tunnel,aes128-gcm,web,2,39579,18,88,0.4158265746987039,True
c4_web_r3,C4,tunnel,aes128-gcm,web,3,26734,18,88,0.39784544026333507,True
c4_web_r4,C4,tunnel,aes128-gcm,web,4,24195,18,88,0.43157677206034306,True
c5_email_r1,C5,transport,aes128-cbc,email,1,11759,48,88,0.0,True
c5_email_r2,C5,transport,aes128-cbc,email,2,21656,44,88,0.0,True
c5_email_r3,C5,transport,aes128-cbc,email,3,14932,29,88,0.0,True
c5_email_r4,C5,transport,aes128-cbc,email,4,22073,40,88,0.0,True
c5_ping_r1,C5,transport,aes128-cbc,ping,1,204,56,120,0.0,True
c5_ping_r2,C5,transport,aes128-cbc,ping,2,244,63,120,0.0,True
c5_ping_r3,C5,transport,aes128-cbc,ping,3,232,60,72,0.0,True
c5_ping_r4,C5,transport,aes128-cbc,ping,4,180,50,88,0.0,True
c5_video_r1,C5,transport,aes128-cbc,video,1,47481,47,88,0.0,True
c5_video_r2,C5,transport,aes128-cbc,video,2,16576,32,88,0.0,True
c5_video_r3,C5,transport,aes128-cbc,video,3,27119,26,88,0.0,True
c5_video_r4,C5,transport,aes128-cbc,video,4,33685,27,88,0.0,True
c5_voip_r1,C5,transport,aes128-cbc,voip,1,12004,2,184,0.0,True
c5_voip_r2,C5,transport,aes128-cbc,voip,2,12006,3,136,0.0,True
c5_voip_r3,C5,transport,aes128-cbc,voip,3,11833,3,184,0.0,True
c5_voip_r4,C5,transport,aes128-cbc,voip,4,11914,3,184,0.0,True
c5_web_r1,C5,transport,aes128-cbc,web,1,57535,31,88,0.0,True
c5_web_r2,C5,transport,aes128-cbc,web,2,36884,13,88,0.0,True
c5_web_r3,C5,transport,aes128-cbc,web,3,19728,13,88,0.0,True
c5_web_r4,C5,transport,aes128-cbc,web,4,32345,13,88,0.0,True
c6_email_r1,C6,transport,aes256-gcm,email,1,12283,67,68,0.3086379548970121,True
c6_email_r2,C6,transport,aes256-gcm,email,2,20964,62,68,0.3854703300896775,True
c6_email_r3,C6,transport,aes256-gcm,email,3,16536,39,68,0.3924165457184325,True
c6_email_r4,C6,transport,aes256-gcm,email,4,22090,54,68,0.39995473064735176,True
c6_ping_r1,C6,transport,aes256-gcm,ping,1,186,79,100,0.6989247311827957,True
c6_ping_r2,C6,transport,aes256-gcm,ping,2,260,107,172,0.7538461538461538,True
c6_ping_r3,C6,transport,aes256-gcm,ping,3,226,95,52,0.7477876106194691,True
c6_ping_r4,C6,transport,aes256-gcm,ping,4,185,79,100,0.7297297297297297,True
c6_video_r1,C6,transport,aes256-gcm,video,1,36910,59,68,0.3426713627743159,True
c6_video_r2,C6,transport,aes256-gcm,video,2,14874,37,68,0.39767379319618124,True
c6_video_r3,C6,transport,aes256-gcm,video,3,28727,36,68,0.3803390538517771,True
c6_video_r4,C6,transport,aes256-gcm,video,4,33476,36,68,0.3902497311506751,True
c6_voip_r1,C6,transport,aes256-gcm,voip,1,12004,2,164,1.0,True
c6_voip_r2,C6,transport,aes256-gcm,voip,2,12006,3,124,0.9998334166250208,True
c6_voip_r3,C6,transport,aes256-gcm,voip,3,11844,3,164,1.0,True
c6_voip_r4,C6,transport,aes256-gcm,voip,4,11924,3,164,1.0,True
c6_web_r1,C6,transport,aes256-gcm,web,1,29573,36,68,0.3612078585195956,True
c6_web_r2,C6,transport,aes256-gcm,web,2,32555,18,68,0.393426508984795,True
c6_web_r3,C6,transport,aes256-gcm,web,3,21096,18,68,0.3974687144482366,True
c6_web_r4,C6,transport,aes256-gcm,web,4,32477,18,68,0.40080672475906026,True
c7_email_r1,C7,transport,aes256-cbc,email,1,11911,48,88,0.0,True
c7_email_r2,C7,transport,aes256-cbc,email,2,19632,43,88,0.0,True
c7_email_r3,C7,transport,aes256-cbc,email,3,14777,29,88,0.0,True
c7_email_r4,C7,transport,aes256-cbc,email,4,21820,40,88,0.0,True
c7_ping_r1,C7,transport,aes256-cbc,ping,1,206,57,120,0.0,True
c7_ping_r2,C7,transport,aes256-cbc,ping,2,194,54,88,0.0,True
c7_ping_r3,C7,transport,aes256-cbc,ping,3,198,55,72,0.0,True
c7_ping_r4,C7,transport,aes256-cbc,ping,4,222,59,120,0.0,True
c7_video_r1,C7,transport,aes256-cbc,video,1,36692,41,88,0.0,True
c7_video_r2,C7,transport,aes256-cbc,video,2,16106,32,88,0.0,True
c7_video_r3,C7,transport,aes256-cbc,video,3,27049,26,88,0.0,True
c7_video_r4,C7,transport,aes256-cbc,video,4,34194,27,88,0.0,True
c7_voip_r1,C7,transport,aes256-cbc,voip,1,12004,2,184,0.0,True
c7_voip_r2,C7,transport,aes256-cbc,voip,2,12006,3,136,0.0,True
c7_voip_r3,C7,transport,aes256-cbc,voip,3,11820,3,184,0.0,True
c7_voip_r4,C7,transport,aes256-cbc,voip,4,11926,3,184,0.0,True
c7_web_r1,C7,transport,aes256-cbc,web,1,34123,22,88,0.0,True
c7_web_r2,C7,transport,aes256-cbc,web,2,30548,13,88,0.0,True
c7_web_r3,C7,transport,aes256-cbc,web,3,15760,13,88,0.0,True
c7_web_r4,C7,transport,aes256-cbc,web,4,29061,13,88,0.0,True
c8_email_r1,C8,transport,aes128-gcm,email,1,12634,68,68,0.30663289536172234,True
c8_email_r2,C8,transport,aes128-gcm,email,2,21335,62,68,0.3892664635575346,True
c8_email_r3,C8,transport,aes128-gcm,email,3,16572,39,68,0.38746077721457883,True
c8_email_r4,C8,transport,aes128-gcm,email,4,22107,55,68,0.40109467589451303,True
c8_ping_r1,C8,transport,aes128-gcm,ping,1,246,103,372,0.6829268292682927,True
c8_ping_r2,C8,transport,aes128-gcm,ping,2,234,99,172,0.7521367521367521,True
c8_ping_r3,C8,transport,aes128-gcm,ping,3,224,93,52,0.7678571428571429,True
c8_ping_r4,C8,transport,aes128-gcm,ping,4,188,82,100,0.7446808510638298,True
c8_video_r1,C8,transport,aes128-gcm,video,1,40195,53,68,0.3425301654434631,True
c8_video_r2,C8,transport,aes128-gcm,video,2,15251,37,68,0.394269228247328,True
c8_video_r3,C8,transport,aes128-gcm,video,3,25084,34,68,0.39531175251156114,True
c8_video_r4,C8,transport,aes128-gcm,video,4,36746,36,68,0.3979480759810592,True
c8_voip_r1,C8,transport,aes128-gcm,voip,1,12004,2,164,1.0,True
c8_voip_r2,C8,transport,aes128-gcm,voip,2,12006,3,124,0.9998334166250208,True
c8_voip_r3,C8,transport,aes128-gcm,voip,3,11850,3,164,1.0,True
c8_voip_r4,C8,transport,aes128-gcm,voip,4,11914,3,164,1.0,True
c8_web_r1,C8,transport,aes128-gcm,web,1,55978,37,68,0.3655007324305977,True
c8_web_r2,C8,transport,aes128-gcm,web,2,31053,18,68,0.3899140179692783,True
c8_web_r3,C8,transport,aes128-gcm,web,3,21366,18,68,0.38865487222690254,True
c8_web_r4,C8,transport,aes128-gcm,web,4,26473,18,68,0.396668303554565,True
