run_id,config,pfs,dh,n_child,ike_rekeys,req,resp,req_spread,init_req,auth_req,req_minus_auth,req_minus_init
c1_email_r1,C1,True,14,3,0,480,480,0,464,288,192,16
c1_email_r2,C1,True,14,3,0,480,480,0,464,288,192,16
c1_ping_r1,C1,True,14,3,0,480,480,0,464,288,192,16
c1_ping_r2,C1,True,14,3,0,480,480,0,464,288,192,16
c1_video_r1,C1,True,14,3,0,480,480,0,464,288,192,16
c1_video_r2,C1,True,14,3,0,480,480,0,464,288,192,16
c1_voip_r1,C1,True,14,3,0,480,480,0,464,288,192,16
c1_voip_r2,C1,True,14,3,0,480,480,0,464,288,192,16
c1_web_r1,C1,True,14,3,0,480,480,0,464,288,192,16
c1_web_r2,C1,True,14,3,0,480,480,0,464,288,192,16
c2_email_r1,C2,False,14,3,0,208,208,0,464,288,-80,-256
c2_email_r2,C2,False,14,3,0,208,208,0,464,288,-80,-256
c2_ping_r1,C2,False,14,3,0,208,208,0,464,288,-80,-256
c2_ping_r2,C2,False,14,3,0,208,208,0,464,288,-80,-256
c2_video_r1,C2,False,14,3,0,208,208,0,464,288,-80,-256
c2_video_r2,C2,False,14,3,0,208,208,0,464,288,-80,-256
c2_voip_r1,C2,False,14,3,0,208,208,0,464,288,-80,-256
c2_voip_r2,C2,False,14,3,0,208,208,0,464,288,-80,-256
c2_web_r1,C2,False,14,3,0,208,208,0,464,288,-80,-256
c2_web_r2,C2,False,14,3,0,208,208,0,464,288,-80,-256
c3_email_r1,C3,True,14,3,0,480,464,0,464,272,208,16
c3_email_r2,C3,True,14,3,0,480,464,0,464,272,208,16
c3_ping_r1,C3,True,14,3,0,480,464,0,464,272,208,16
c3_ping_r2,C3,True,14,3,0,480,464,0,464,272,208,16
c3_video_r1,C3,True,14,3,0,480,464,0,464,272,208,16
c3_video_r2,C3,True,14,3,0,480,464,0,464,272,208,16
c3_voip_r1,C3,True,14,3,0,480,464,0,464,272,208,16
c3_voip_r2,C3,True,14,3,0,480,464,0,464,272,208,16
c3_web_r1,C3,True,14,3,0,480,464,0,464,272,208,16
c3_web_r2,C3,True,14,3,0,480,464,0,464,272,208,16
c4_email_r1,C4,False,14,3,0,208,192,0,464,272,-64,-256
c4_email_r2,C4,False,14,3,0,208,192,0,464,272,-64,-256
c4_ping_r1,C4,False,14,3,0,208,192,0,464,272,-64,-256
c4_ping_r2,C4,False,14,3,0,208,192,0,464,272,-64,-256
c4_video_r1,C4,False,14,3,0,208,192,0,464,272,-64,-256
c4_video_r2,C4,False,14,3,0,208,192,0,464,272,-64,-256
c4_voip_r1,C4,False,14,3,0,208,192,0,464,272,-64,-256
c4_voip_r2,C4,False,14,3,0,208,192,0,464,272,-64,-256
c4_web_r1,C4,False,14,3,0,208,192,0,464,272,-64,-256
c4_web_r2,C4,False,14,3,0,208,192,0,464,272,-64,-256
c5_email_r1,C5,True,14,3,0,496,480,0,464,288,208,32
c5_email_r2,C5,True,14,3,0,496,480,0,464,288,208,32
c5_ping_r1,C5,True,14,3,0,496,480,0,464,288,208,32
c5_ping_r2,C5,True,14,3,0,496,480,0,464,288,208,32
c5_video_r1,C5,True,14,3,0,496,480,0,464,288,208,32
c5_video_r2,C5,True,14,3,0,496,480,0,464,288,208,32
c5_voip_r1,C5,True,14,3,0,496,480,0,464,288,208,32
c5_voip_r2,C5,True,14,3,0,496,480,0,464,288,208,32
c5_web_r1,C5,True,14,3,0,496,480,0,464,288,208,32
c5_web_r2,C5,True,14,3,0,496,480,0,464,288,208,32
c6_email_r1,C6,True,14,3,0,480,480,0,464,288,192,16
c6_email_r2,C6,True,14,3,0,480,480,0,464,288,192,16
c6_ping_r1,C6,True,14,3,0,480,480,0,464,288,192,16
c6_ping_r2,C6,True,14,3,0,480,480,0,464,288,192,16
c6_video_r1,C6,True,14,3,0,480,480,0,464,288,192,16
c6_video_r2,C6,True,14,3,0,480,480,0,464,288,192,16
c6_voip_r1,C6,True,14,3,0,480,480,0,464,288,192,16
c6_voip_r2,C6,True,14,3,0,480,480,0,464,288,192,16
c6_web_r1,C6,True,14,3,0,480,480,0,464,288,192,16
c6_web_r2,C6,True,14,3,0,480,480,0,464,288,192,16
c7_email_r1,C7,False,14,3,0,224,208,0,464,288,-64,-240
c7_ping_r1,C7,False,14,3,0,224,208,0,464,288,-64,-240
c7_video_r1,C7,False,14,3,0,224,208,0,464,288,-64,-240
c7_voip_r1,C7,False,14,3,0,224,208,0,464,288,-64,-240
c7_web_r1,C7,False,14,3,0,224,208,0,464,288,-64,-240
c8_email_r1,C8,False,14,3,0,208,208,0,464,288,-80,-256
c8_ping_r1,C8,False,14,3,0,208,208,0,464,288,-80,-256
c8_video_r1,C8,False,14,3,0,208,208,0,464,288,-80,-256
c8_voip_r1,C8,False,14,3,0,208,208,0,464,288,-80,-256
c8_web_r1,C8,False,14,3,0,208,208,0,464,288,-80,-256
